,src_player_id,cricinfo_id
0,nv_98e1b20302a1f463ded633c6ac1d7352d759df774a27bcc492b969f2cefdd22f,32498
1,nv_b6cca3290b0b7df494f3ce89173d84655c4681cbedc72b49e486c7bb8ad3b0c2,10582
2,nv_5481648f7f177ec59ddbe58249ae138e4291f9d1e3455d743defc5ec5e6c6f8a,45705
3,nv_7f34a9a2c0960fc615253f47944aa8cf73bed767722bc18ac1b997571c2863ab,1196500
4,nv_90c2db56be4f8619c2f2b00d2a49c046e2d40c3a2866fc2515a25389b43011dc,1070997
5,nv_5fa8e342bae67798a9684a2c73419f0347ee2f00c874b1255d0f85e200427ae0,1126002
6,nv_7ca55d6c02cf424b8131299936fa057e6fb4d075986264404aaf0ed6db9a8d3e,52912
7,nv_cd75fa245910c341bbc5f735565d8eaa89a860f90350119c4b2ff7c98b197c6d,51862
8,nv_1f5c0c6245a14642909a410b133789506090bdcff031b12c56fc8eeac85cd05d,1241201
9,nv_4b2c021d6955a2d488d601d9738b937f4e727efcc870aa2550957ac20af8aa33,1241269
10,nv_ff9e7accb78e4dc2a676d11e2b296d262f490c9408a031620c786adf5e9b9739,1161038
11,nv_2c94e3031cff35a86688c2fbdf3909c3519495bd3f630a88c57d48bd67b28de1,537319
12,nv_712089329b16da5657635c45a9e14b562b730ef82ba07c8f94009d536e7f9549,534734
13,nv_e48f91093cdf69798268dd59cb142cbaee9d5d2829bc8bdbe0da095ed38929e0,18632
14,nv_e658031d54b7d42f957ccc60c117b7e9361921d902e9c98b6f825ea24d2626ae,429754
15,nv_9db8845c4b5334e81f050a37df2d6afcea0b94c6f32e63d1c3b263a020f76a46,766809
16,nv_cdca32407c6e8d286addcc4f810ddf9ad3742ddd6012176d20dc1b88052b8100,40618
17,nv_fbd306e50daf531175a9b100be12268162cc956734102da26b7f0bfdce90e390,1328438
18,nv_2a379467a8585a260f0c98195f97518c9e884151e45eba618d0b98e84efd5a82,906749
19,nv_22b6283bde1431c296b308752c27f7b78136bd0c34fb4edd7084f5a3bfcc6a7d,699483
20,nv_a1a5fa169836b489968e590b0055d97f529b5cdb647b363ac2e7b696e4c5445c,446499
21,nv_0dcf69d7021202bf766f8a324c9a352d63174943ea89c09f791cd871b8ca5e32,348129
22,nv_e9212f227a1da4b4dbd3addf685707fe7d49e8b5a360ebcc196ae870ff9cf70d,922943
23,nv_927daa13dc1d43ff3da668303d507610b71528e35e47e0538948e326ba513606,485379
24,nv_9d012e4855b80c35d5bb1b6170de06815e261bd12b108ad7c7ef311856eafb05,556916
25,nv_9643e0132e95d96ccfff4ad55a51020700f30757f44596c8aa0fb8a8b32c21fe,328160
26,nv_9003d0ac0b4244a85b906647059a38993b8cca8f867b9b2ddc85224dffe1c074,379926
27,nv_13de13ba8611ef443374a2ed556fab0793c0b0b9fc6e44a656d83d5df1c2ea77,935881
28,nv_659f19730b7da9d21302c93ed5a2f3404153b865d71e5e567eff35dc31cd78d3,223642
29,nv_ffa2db6bf6c55ef8eb865768243400d686f0427d075190bd276f16c31d36a323,334621
30,nv_1a29863d84ab253485fb8e838aa67c7a798620fc924f1e87582469dba2cae5b5,594293
31,nv_2a09ecbb51407fc5d4838c2cb3478b3a12d051950b11ebbf3b099868ce540700,803971
32,nv_e282455ab7b897c0c61dce299fde21dd63813094ff2c4082e4e69c4493776600,1146066
33,nv_3540d324db3e56ec583dd3b03a9594dcc25af7a04ac134a5eeb910d685e9c4cf,858809
34,nv_c37b4284c59d8d5356914438bd710e6e4927a4a54026bf687bff03db9ea23a85,960847
35,nv_c29d4afd2aaf37358bcc990f0ddfd25b48627d706af285acc829b5d3fb5baa3d,329336
36,nv_285285364f808f3f97d18d50cb78c7353741c86e3bf57fdf77a209aea166d181,231740
37,nv_6687f37176894b315b3fbce98df1ac9dd368fc3987548b0c5d875ae117d84008,275487
38,nv_18c4609ae7c96eccfa8f89683dde229c4db8829056c4893477ed19133494447b,961183
39,nv_e7ff38634f3408e5950513f7c03b0447c74fa16f184fb2e69dc87fad89d993fb,1212830
40,nv_a92882855033c6ad8b4cd145eea764ec19b1ff245bf214dc54f0a20fd42f3b6c,358259
41,nv_d15a5799691eb1341d53f56797e6bf3452ba6b907cc5a7f9b11c68319cce886f,1255560
42,nv_f4e0c4b5964a7180f1d36b457fac556c219c2fa37084035592743fe7da7a7f3e,420314
43,nv_945a2ef9292791d4e6ef495adeb5bb779078ed5ec86b9f0c0b2a14ebf145ae83,709843
44,nv_91916f1fa1cbdb85130b3fbc525a1bdca7a8881d5177363a8bda6866f888750d,275486
45,nv_f3cc23ce9ba62e5e509cf9221a23bf5327612fc7d866e56bc9d70d9f572b76c4,381311
46,nv_b6ccd3e2f318f0d8b4533741a8fb7ec3b3bed48bd1eed903d6d91a3689959d92,381268
47,nv_3228500af394d5d357add52ab100f45c62ad3a871285429324292249f40dcffe,1255541
48,nv_1a859d8fc3abb49520aeb2e34f5cca944d37c85ae4be6220fe1510707c17202b,878039
49,nv_ebab9c00c5ba90f3ed4b646c5ed97379bbcc3b0ced7c0b81dbb1823a20ba73f8,1289948
50,nv_af5a5f198486e04fb9bf81d725625c78ea847bd9d0eaadd4bfcc269f1fe900bb,960853
51,nv_e7ccc96a66819fbe610a8aa947c73468ef9266e8e9c362d4b7026b6d5875cdcd,1187120
52,nv_e1d25212441831e64c82ee0fe4071cd2757337597260686c55c1c1debf47ed4d,374936
53,nv_d98a316e15e01174745bffb912d70331a753edf6b7819c67abf900cb1d57469e,1289979
54,nv_f8e1aa866ceaeea7512d2d411e5a6d451b19068e15f111ee5b408eba0ef38d0f,960949
55,nv_7766fb5c5551e8df5cf89bfc6f23c0e52033d086c0b3797ef5c69210eac4bf6b,872217
56,nv_2344992496e51f18618fa134587052cad7ea204c40ee5e49900f6a8dd6fa469a,275447
57,nv_7bebcf298f5c2a6efbff534926eae94194cdc2a0914d383b8e4e2954dd54e92e,961195
58,nv_7c8019086a341b37031c6d5b95a448db912b35f33a9b4032e56cdfdcc53e5f2e,960931
59,nv_1f6e5a3b4b70f191cbc6948cdd020ab09322a7c6c88ea5fcb61927a6c361b824,961005
60,nv_d07ca8b0feadb3551c67790d0c5bc2a3159ccb720cefb1bffd69765aa3b90ac4,1255408
61,nv_a74df38ad059a48d0c0071f19da9aed08c16dd62e6613deb6366a19d033d3d95,1255387
62,nv_831143e7ad797ee27a44674b9a3184c0e33b63a73fcac6f85e3755a668204b9d,630972
63,nv_7d90ada2bebf601af3f703b66e012fac9c7fa8082041bc91a468867e79c0304a,1345792
64,nv_23001a3568d33d63f095a639fffa2bc85318942a5490757894046a79f1908d13,326635
0,nv_fa48dc5a49200c1d7d0e9cb0968340a712aae1611e745c361e02ef1eecc30c02,303669
1,nv_12ee2ef0bfb7848fb78173c679b90d4b609a550397a1606e1bc4228179858170,342619
2,nv_5c5fb3f6ef17de1a00875196372edf5a63951838bdeb09371f88f5d21e1f815e,820351
3,nv_4b305d503bf339c90db91b0de5438b5c887ea6a5ce320a9fa8f1243ba6f2bedc,328026
4,nv_e7e7c8e79192a16bf0c1d519e76d22c57215a62f640eea2c0cab8cdf0012baf2,303427
5,nv_f1efe7b55fb387f9e3e9761ad71b9b8eb5ded6d07318d720baf8eeb801a768a9,670035
7,nv_5f6a154d6c8b5fb3dd34166728139ff2d2906df6e4f339316f25a63390e181e9,230558
8,nv_04d310024665c532cdb905c5b98788daeb902ad93096c70646c1517020264dac,276298
9,nv_8a648ed03a9b6d2c991b381a243248767596ac9e8a36ae63f35bec4c95d780b9,530812
11,nv_55ac1f06177b1e7c1c79f635ce1120f32f364eb07f4ef4bc2f8887b222184178,604302
12,nv_3f4384c90223b35b930fcbae02407d8ce0fab0c08b4cff3dea354b0466268e2d,230559
13,nv_0bc51c74b1a0234d1053c9c070dec18f1c3d9ddc1e5d25f635d03ba1a06dc18b,51439
14,nv_e2d5cf21542ea242df69e1ae1502798e49e4804cf07b24b6de9f08de73ed91b4,431901
15,nv_bc778ad18c79f358b60f0e148c84093496596ea2b776a59344b358ca3d80c46b,236489
16,nv_fedd7eba53d6d82308a7dc04b9fae58347f80d99bcda96d527e40c8fe6a2d720,8917
17,nv_463635e9cd524f49e114b9b32f0ac35a05cdf5d5d579ef3b108a313a512b4b94,12454
18,nv_ef4353e825be704042affe59c67fb0bde9eaff37f69eaabac8fd6eae96d552a0,247235
20,nv_dbf74d3c4bbef93a47c069cddc54556c1f637a2c1ea892508ab085380db939ad,296597
21,nv_9243513ebf8d465c1cf010c964218a24469d721bf87e75a7c66fdeeb85e8fe89,519070
22,nv_55630592372cb2271cc9761c11b8905df765dea1ad66261d83c14aed0dbe5c31,221140
23,nv_4d6fc53989c5a5a378798e0871b513e2ab7c91e0553b6e3126d52ddced776dc5,670025
24,nv_0c42789b889aefbc4abdd92d860646c59c9f567cf0a175b44fe4b52da0aacc12,249866
25,nv_df5c95f5d30a25ccdc4611dd0aef964ce24981b2fe9aa7d5a3dfec3b9c7834ec,437316
27,nv_8258cf99a6c4f86d3d80001552bc8fce57cfd30345b379cb343ceeb21701aa7e,909225
28,nv_171fddb92f903ba24dac4f67ea136d130e6475fb612d1ebf4eb188729af3cf12,465793
29,nv_d71fafa8111a89b8646fac4c5a8daa6b0e2038e253205199c0529ccd9c468c1e,784367
30,nv_9de47e086569bcf678ea37b3742756e787887b08913d92072bd9c5f56d93093d,211855
31,nv_282fa1b507e4272469a8e1b592879d1c3fe8e71d09db331cac39a2c2209f36f6,288992
33,nv_ecbdb4bb880567e2278de5c275116124f36cdb5f93d17cb16d8fbfaa0ccc0cde,670013
34,nv_01ea086a6ddd93821031297907789131b3a65b6a4dc6f2241ab44dbd94e817b1,623695
35,nv_5682df9191ea1018f7596383257ee9162bc68185b3f5c19af4392930229379b7,450101
36,nv_addd38d1590b6d8274f6481f9ed81040880e002d074f150ea3fd8b8f6d0c4238,877051
37,nv_070e1d819a282283158d5cdd1f941657425ff1616417d26a96dd9340503bb28d,1199670
38,nv_df7310c31f16a43dc7d9a0261451f496a018bfce46b5fe015fff589495817a09,473191
39,nv_880a27344b336ad6147947999d4c7aae6dcdfa44326e49f4b9bac471be077170,1178586
40,nv_eb43ce2e3fd23d491ad8e828f1fc623cfe80966da7777f94797c23ad7dbf10f4,325012
41,nv_d2e023abaefc3a26c747a24c7e8a3fa700765851ad886432f8b48fd43ec07628,1172968
42,nv_ea0c1ebecdc1b8fa3a83f167fe914611ad180ebeda94cd88ab4d46bbaed408a6,671805
43,nv_9eec828ed85878b999a3aece33eed331ee02909e3e56590acd9e31f33d4fc085,277912
45,nv_07bdb80bfef350b8cdb657ea13350ac0a9a88a2a70a5b701488d0174e327b178,379504
46,nv_36fd3770726f798baf854db03b2dfbb819a2bd29e09c784ac0fa545e2917afcf,1104703
47,nv_18d142080466e2094940e7f60a8e41f72276a75401b9c1c89e0dae223cdb2ace,928057
48,nv_b97a31f9af4c96492ceaa7284736128410326ae1121656136667c1bdfd675c4f,393279
50,nv_81b0ab8990ef11fd769594565f871b9028726919548c2c715954da55120b349f,457249
51,nv_053e1011d557f15a671487a11cac7a09c5ca0c5d4d70053b4e3abec8bf4e7ccb,1149157
52,nv_3408db4daa8e2dc76deaf589c09f6a3a1a9be9a804cf7489f03ad0720cc26ce9,464626
53,nv_06b6d1474d483de81c20f7678c6d3e8fa08898f8bb0f24d63aaa91c4c3afe965,379140
54,nv_cbd5e433b006d72316022a1191685da2e3b6b910405a74cf4ac45fe6c3c15247,44828
55,nv_8323f145a504c0723f2d9e9e2a08c0415c2b0fc1f87a851ec02e208b0643fad5,321777
56,nv_62a2f6e4300cac2c75010129cd3a7d601bd746a5f009c660825a2b7dfc37f3f7,502714
57,nv_f46e18d95d831b417182d6ee5eb3b482928bafc643e447c0027dc967d5a26185,226492
58,nv_c3292e942141f733d925409e3abc89df5db9386fdb1f20de63e0a3abd6f33b2e,318845
59,nv_717af9ff4cf0d0941f061dd770bf1790ed8b19a819f20d3993f28bfe01cee054,493773
60,nv_57877750cce1a482111af7ebbdedb313c7aed996893f7ce56bdaf120040f2e2b,959759
61,nv_202a602632e069382448bd7964255025239b3f8c56f3746ee1d95f3c9cbd07cb,230193
62,nv_08bce4b90e5ccb54a2d8fe700092059c79b60ccc8a8cd410971eeb45300ad518,5334
63,nv_44a0e57bddde21075431b6625ec966d094ade35e3223afa12b1c6053394668b9,277662
66,nv_c1b553187f24e8e2f4070781d6fb3bf4342b13baf299c27f35aa0fd69f3d8636,823509
67,nv_e07769bd8d24ad37790d484763a76358ea57d5e14d47779e49a54bb7584284e5,5961
68,nv_fa5ea701f4544dcdba8513751a8b7334f502ea3f5f81f524732f9d3cff5794cf,696401
69,nv_44b1bec9b0efa49fc670b7b1d8b959b5b0d0197592211c8167814893613ad403,379143
70,nv_3666799cbfd073d6a8c6f03eca253267b5b6b0e4a44cd1fff552a5972cfc0b11,436757
71,nv_2d36cd394528a640ede7c2d291974c6d9990fe59d34305c30c7b1fafd16f5886,628217
72,nv_630b8d86b4443e02eca3b4d3aadd81445d095d75a53b149c278c85f144480c7b,19264
73,nv_28d4e2c9b91907613393529ce2bc09930a393770169f23e770aec386d196ceeb,440894
74,nv_0a45b7ae464815456c3e2dee22d949795627e1e6be7975224386cc1eea388641,596010
75,nv_fca85cb430c414093ba52f3d028ed8b1f31e3d563450650dbb8ba5325e1555e1,322815
76,nv_7c313b8b583eabf1c942e13170bbdc78fe3435bf000e27f03f6ce62e5e89182b,826901
77,nv_842d3e9698958856ca55b6216513a933a4c1b6b326e10bf7edd729d586b27821,298438
79,nv_89f5ed17b6525295b534534cb583d0b9a8671db935e4ac77166546cea9e6a732,459508
80,nv_a874c8f33d99f94fb249722c9298d898154ac7b7a566fb6bf1262220dfd3c604,230551
81,nv_8016f084fffa6dc30b51bf61575ec96e5ad0dbb1f3b328414ebddce69a796802,1123718
82,nv_23f140bffc681548fd8691ef62ec24fc51ce9032e9fbee32ecf11a5f64926dfc,372317
83,nv_2ca0b3974fd64c27c067a472fcdc54864ed88b27e4eedf14b9d894d42727f251,883413
84,nv_c670aa92d0280fb10fd647e7c86730d193fd28d072a291dca3c567a552bf5982,556529
85,nv_a89ef85add44808a8c4d12feab2e447ac882ddae673f68334b1efe4983413cbb,960845
86,nv_c186525f4a26c5e4e38ae21e8acdc1b02b1d13cab92a7f98773ee8efcfba309b,1071705
87,nv_7064b618aa22d65a8a955c292fc0d897ad525acb3203a12300de67cf2fd85edf,961107
88,nv_28000c39b236d463164292280e33b8b2343946096f1765ce0053a6aa938791dd,556537
89,nv_f71a489007c6d53c351020593c88fa99b824c31b2828bc62beccbaceb8eec579,960815
90,nv_e7adcdb3698f4b0f28c8e9b2bf176446bcb6b8aad187c91abb260de1c07f33b1,351836
91,nv_0f5286958740bee4e541e735e23e605cd801a608d896d611793a26c70ed40789,597806
93,nv_a996dd73672da45c539e0d6ffb3371baab1bba0d0944e868803b100121c3cfe4,885815
95,nv_c9c3c03a32460bb3945ad2db802249082099e608ba3f2b2593a74e503613fd08,709837
97,nv_d9a8bbed91a6be787e6a08c7cde94aa1d33e3192a193f53623138cf4863a6ef1,418423
98,nv_109743220cb8b84fad648bbae84c699b6d7ce5571b5b47c7d466886c04b88a32,883423
99,nv_45b526fe4c31ec7083b6fe087dd43f9dc2d957c98daac7796da6b70c9ade3bef,922481
100,nv_be30f1a5a5936a5cd27b6cc19b4d83c5cc63a0c3bd417f7651da3ae5414098fb,1255411
102,nv_b8a1c3ec59da38d2eb52045124df897b374efe717afde6cc4cbc3707738342dc,597815
104,nv_f3e208680aa880056d32254e48762e2059d50e9436a6a803d652d95987ee0165,1058987
105,nv_e36c6117f0d7fea13b7226d1dd1154eea1000b4c829714f72a5876cbbaeee84b,807535
106,nv_f6f6f58f7d614765a474cb70edd1e357058f75980836dc96bb2f135d0a06d3a4,512907
107,nv_a5895e5b61e3ceb2e6d79874f4a88eb380dbe413ba238fd9a1bc494e40e23d31,276997
14,nv_fb5c9dbba2c3f348b55b4861187df1bca201265312b1d42b4ac5947d08e30989,597821
